,Number of Students,Latitude,Longitude,geometry
90247,1,33.89,-118.29,"POLYGON ((-118.313476 33.887061, -118.30914 33.888528, -118.309139 33.891938, -118.308559 33.892837, -118.306941 33.892855, -118.306945 33.894163, -118.309121 33.894676, -118.309122 33.901925, -118.300378 33.901928, -118.300379 33.91741, -118.298604 33.916432, -118.291607 33.916422, -118.287637 33.917263, -118.285945 33.916422, -118.286603 33.914178, -118.286737 33.898926, -118.286274 33.896091, -118.286055 33.896164, -118.285574 33.893485, -118.285325 33.88553, -118.284822 33.881503, -118.28481 33.872671, -118.28686 33.87241, -118.290902 33.872872, -118.298903 33.873026, -118.309123 33.87281, -118.31345 33.872821, -118.313476 33.887061))"
90255,4,33.97,-118.21,"POLYGON ((-118.237907 33.98933299999999, -118.230284 33.989214, -118.227765 33.989715, -118.227787 33.994779, -118.225904 33.995241, -118.22779 33.995693, -118.225205 33.995697, -118.223633 33.996357, -118.223621 33.991563, -118.215051 33.991552, -118.215002 33.989675, -118.212766 33.989674, -118.212601 33.984049, -118.204027 33.983094, -118.204156 33.988957, -118.202626 33.988396, -118.192297 33.987416, -118.19005 33.987187, -118.188865 33.987482, -118.189753 33.981957, -118.193097 33.982213, -118.197411 33.982654, -118.202581 33.982569, -118.202337 33.979661, -118.206239 33.979538, -118.206134 33.976121, -118.203778 33.975871, -118.202692 33.971862, -118.199735 33.971559, -118.199612 33.970393, -118.201898 33.970611, -118.200614 33.968731, -118.197155 33.965489, -118.194654 33.96525, -118.19493 33.963621, -118.192782 33.961622, -118.212021 33.96363, -118.224426 33.965382, -118.225203 33.966265, -118.225692 33.965445, -118.225431 33.963032, -118.222974 33.959029, -118.227459 33.959981, -118.229647 33.96120000000001, -118.230013 33.961768, -118.230198 33.961927, -118.232405 33.965314, -118.233915 33.970674, -118.234324 33.974732, -118.235685 33.979486, -118.237907 33.98933299999999))"
90001,3,33.97,-118.24,"POLYGON ((-118.265185 33.989227, -118.256436 33.989317, -118.256436 33.989498, -118.243139 33.989443, -118.241159 33.989422, -118.241126 33.988174, -118.240505 33.988158, -118.240502 33.98867, -118.23899 33.988664, -118.239021 33.989403, -118.237918 33.989393, -118.237907 33.98933299999999, -118.235685 33.979486, -118.234324 33.974732, -118.233915 33.970674, -118.232405 33.965314, -118.230198 33.961927, -118.230013 33.961768, -118.231885 33.961565, -118.231599 33.960146, -118.237366 33.960152, -118.23737 33.958521, -118.237949 33.96015, -118.244994 33.959648, -118.253962 33.959701, -118.255899 33.960169, -118.256393 33.960171, -118.258575 33.959674, -118.265118 33.96013, -118.265166 33.974735, -118.262969 33.974746, -118.262981 33.981836, -118.265174 33.981828, -118.265185 33.989227))"
90002,1,33.94,-118.24,"POLYGON ((-118.265118 33.96013, -118.258575 33.959674, -118.256393 33.960171, -118.255899 33.960169, -118.253962 33.959701, -118.244994 33.959648, -118.237949 33.96015, -118.23737 33.958521, -118.237366 33.960152, -118.231599 33.960146, -118.231885 33.961565, -118.230013 33.961768, -118.229647 33.96120000000001, -118.231485 33.960938, -118.227476 33.943091, -118.226507 33.938196, -118.226772 33.937096, -118.229213 33.937331, -118.228753 33.938874, -118.239021 33.938911, -118.239024 33.937895, -118.242777 33.938717, -118.243172 33.941171, -118.243742 33.937853, -118.246961 33.938337, -118.254167 33.938272, -118.254156 33.939249, -118.256533 33.938755, -118.26082 33.93927499999999, -118.265158 33.939292, -118.26499 33.943754, -118.263775 33.943582, -118.263776 33.945463, -118.265161 33.945599, -118.265118 33.96013))"
90003,3,33.96,-118.27,"POLYGON ((-118.283204 33.989139, -118.28039 33.989154, -118.273928 33.989191, -118.271808 33.9892, -118.271807 33.986143, -118.270526 33.986067, -118.270528 33.989205, -118.265185 33.989227, -118.265174 33.981828, -118.262981 33.981836, -118.262969 33.974746, -118.265166 33.974735, -118.265118 33.96013, -118.265161 33.945599, -118.263776 33.945463, -118.263775 33.943582, -118.26499 33.943754, -118.265158 33.939292, -118.265158 33.938348, -118.26606 33.938799, -118.273869 33.938796, -118.27834 33.939199, -118.278338 33.938276, -118.2798 33.938268, -118.28053 33.939189, -118.282594 33.939181, -118.282664 33.987364, -118.283204 33.989139))"
90004,16,34.07,-118.31,"POLYGON ((-118.338583 34.083457, -118.330959 34.083466, -118.331063 34.08165, -118.328383 34.081661, -118.327707 34.083482, -118.324854 34.083493, -118.324848 34.081674, -118.323659 34.081677, -118.323665 34.083496, -118.317883 34.083502, -118.317877 34.081661, -118.315724 34.081661, -118.315712 34.083504, -118.309145 34.083509, -118.284464 34.083589, -118.284428 34.079641, -118.281594 34.078403, -118.282043 34.077698, -118.284419 34.078735, -118.284399 34.076717, -118.283044 34.076126, -118.282087 34.075677, -118.284036 34.072629, -118.28436 34.072782, -118.284334 34.068528, -118.285815 34.068986, -118.289365 34.069056, -118.289764 34.070396, -118.291666 34.070382, -118.291662 34.069052, -118.301597 34.06901, -118.301662 34.071186, -118.302917 34.071178, -118.302901 34.069119, -118.309114 34.068961, -118.337348 34.068911, -118.337734 34.068981, -118.337995 34.08029399999999, -118.338496 34.080292, -118.338583 34.083457))"
90005,7,34.05,-118.31,"MULTIPOLYGON (((-118.292914 34.063604, -118.291644 34.063683, -118.291638 34.061793, -118.292908 34.061786, -118.292914 34.063604)), ((-118.301597 34.06356, -118.299197 34.063574, -118.299191 34.06175, -118.301597 34.061736, -118.301597 34.06356)), ((-118.304108 34.061857, -118.304107 34.063545, -118.302852 34.063553, -118.302852 34.061729, -118.304174 34.061721, -118.304108 34.061857)), ((-118.315406 34.063147, -118.314839 34.063121, -118.31436 34.063207, -118.313731 34.063419, -118.313157 34.063516, -118.310339 34.063516, -118.310332 34.061693, -118.315261 34.061696, -118.315406 34.063147)), ((-118.337616 34.060423, -118.337054 34.060564, -118.3354 34.062054, -118.335259 34.060846, -118.330778 34.060956, -118.324868 34.06034, -118.324045 34.061839, -118.321406 34.061779, -118.321412 34.063581, -118.319959 34.063547, -118.319952 34.061746, -118.317203 34.060762, -118.309082 34.060675, -118.309078 34.059671, -118.298716 34.059733, -118.298722 34.061753, -118.296633 34.061765, -118.296637 34.063589, -118.295365 34.063595, -118.295402 34.061772, -118.294142 34.05976, -118.291633 34.059775, -118.291638 34.061793, -118.289895 34.061803, -118.289914 34.063691, -118.284302 34.063715, -118.282294 34.062865, -118.2842 34.059946, -118.284238 34.055845, -118.309064 34.055846, -118.318081 34.05585, -118.318774 34.05513, -118.327655 34.058343, -118.328281 34.056741, -118.32791 34.055256, -118.330074 34.055869, -118.328521 34.059161, -118.330302 34.058895, -118.334975 34.059177, -118.336705 34.058597, -118.338167 34.058981, -118.337616 34.060423)))"
90006,7,34.04,-118.29,"POLYGON ((-118.309033 34.047192, -118.309041 34.049402, -118.31013 34.049401, -118.31013 34.054438, -118.309059 34.054438, -118.309064 34.055846, -118.284238 34.055845, -118.275461 34.05188, -118.274313 34.051362, -118.276532 34.050232, -118.278433 34.047301, -118.280348 34.046193, -118.277897 34.045086, -118.279689 34.043821, -118.282846 34.039285, -118.284102 34.039855, -118.300349 34.039969, -118.308999 34.039939, -118.309016 34.043567, -118.310147 34.045374, -118.309033 34.047192))"
90007,5,34.02,-118.28,"POLYGON ((-118.301494 34.030893, -118.300241 34.030899, -118.300349 34.039969, -118.284102 34.039855, -118.284023 34.038181, -118.282853 34.037618, -118.281547 34.037893, -118.281847 34.03744, -118.279613 34.037817, -118.277705 34.036951, -118.279192 34.034654, -118.278222 34.03422, -118.276743 34.036515, -118.274283 34.035398, -118.264679 34.030991, -118.266051 34.028952, -118.26492 34.028413, -118.267099 34.027311, -118.268671 34.024847, -118.271601 34.020256, -118.268371 34.018818, -118.272625 34.018654, -118.274021 34.016452, -118.274009 34.013057, -118.280303 34.01559, -118.280849 34.014518, -118.281066 34.015617, -118.282754 34.015665, -118.282759 34.016514, -118.287345 34.016513, -118.287607 34.015636, -118.291537 34.015481, -118.293071 34.01816, -118.300165 34.018177, -118.30022 34.02731, -118.301474 34.027306, -118.301494 34.030893), (-118.291535 34.018157, -118.281756 34.018123, -118.280141 34.01741, -118.280011 34.017711, -118.27984 34.018064, -118.279609 34.018489, -118.282201 34.018428, -118.279978 34.021916, -118.287597 34.025271, -118.291285 34.025442, -118.291535 34.018157))"
90008,12,34.0,-118.34,"POLYGON ((-118.374079 34.014851, -118.372627 34.018471, -118.371781 34.019123, -118.367239 34.018395, -118.360994 34.018037, -118.353631 34.018282, -118.353611 34.017286, -118.35046 34.017276, -118.350433 34.018271, -118.347527 34.017056, -118.345182 34.018253, -118.336318 34.018223, -118.336465 34.016512, -118.335312 34.016419, -118.335312 34.018221, -118.3329 34.018232, -118.327078 34.018255, -118.324143 34.018895, -118.32414 34.016132, -118.322392 34.016129, -118.321325 34.01828, -118.318236 34.018274, -118.31709 34.017254, -118.317087 34.01459, -118.317642 34.014591, -118.31761 34.01427, -118.317727 34.010827, -118.317069 34.010832, -118.317107 34.003692, -118.317619 34.00369, -118.331942 34.003634, -118.332473 34.003393, -118.337183 34.002108, -118.339371 34.002277, -118.339729 34.001656, -118.343278 34.001358, -118.349174 34.001914, -118.352692 34.001422, -118.353524 34.002512, -118.354443 34.001677, -118.355254 34.001196, -118.356974 33.997714, -118.357888 33.997112, -118.359663 33.996802, -118.362846 33.997898, -118.366907 33.998576, -118.369448 33.998072, -118.372722 34.003827, -118.373117 34.006263, -118.373093 34.011913, -118.374079 34.014851))"
90011,5,34.0,-118.25,"POLYGON ((-118.274021 34.016452, -118.272625 34.018654, -118.268371 34.018818, -118.271601 34.020256, -118.268671 34.024847, -118.267099 34.027311, -118.26492 34.028413, -118.266051 34.028952, -118.264679 34.030991, -118.262447 34.029962, -118.262905 34.027467, -118.262757 34.027703, -118.262182 34.028606, -118.259956 34.027571, -118.260543 34.026742, -118.25856 34.02588, -118.257437 34.027631, -118.255534 34.026748, -118.256116 34.025872, -118.253587 34.025845, -118.248042 34.023027, -118.246591 34.021208, -118.245184 34.021421, -118.246179 34.020172, -118.244138 34.019004, -118.243995 34.020805, -118.242772 34.020595, -118.242856 34.018717, -118.243023 34.018754, -118.243237 34.014286, -118.244877 34.01385, -118.243247 34.013201, -118.243376 34.003917, -118.243139 33.989443, -118.256436 33.989498, -118.256436 33.989317, -118.265185 33.989227, -118.270528 33.989205, -118.270526 33.986067, -118.271807 33.986143, -118.271808 33.9892, -118.273928 33.989191, -118.273948 33.995227, -118.272844 33.996514, -118.273953 33.996505, -118.273972 34.002014, -118.27279 34.003835, -118.273428 34.003831, -118.273984 34.005683, -118.274009 34.013057, -118.274021 34.016452))"
90012,5,34.06,-118.24,"POLYGON ((-118.256045 34.056183, -118.253407 34.060393, -118.25506 34.061142, -118.25271 34.064799, -118.25133 34.063193, -118.250376 34.064099, -118.254427 34.066964, -118.254167 34.067361, -118.25205 34.065825, -118.251504 34.066968, -118.24883 34.067348, -118.246484 34.071778, -118.240446 34.069313, -118.239817 34.068249, -118.238003 34.069003, -118.236312 34.071661, -118.236107 34.07521, -118.238123 34.076553, -118.240707 34.07661, -118.242108 34.076067, -118.242907 34.07441, -118.245418 34.075124, -118.246869 34.07635399999999, -118.251243 34.078669, -118.251651 34.080382, -118.249715 34.082296, -118.247504 34.080569, -118.245668 34.083649, -118.243034 34.086149, -118.240288 34.085341, -118.237523 34.08913, -118.232552 34.085811, -118.232118 34.085961, -118.228423 34.083427, -118.22788 34.083188, -118.227606 34.08308299999999, -118.227235 34.081218, -118.226553 34.079733, -118.224793 34.071974, -118.224513 34.067602, -118.226747 34.062246, -118.226904 34.061622, -118.226241 34.055929, -118.228577 34.052912, -118.229988 34.047908, -118.232615 34.048257, -118.232586 34.045977, -118.236108 34.045783, -118.23808 34.046905, -118.238061 34.045538, -118.239561 34.04611, -118.239291 34.0477, -118.241795 34.049346, -118.242504 34.047326, -118.244727 34.048517, -118.24334 34.050273, -118.244519 34.051003, -118.245853 34.04956, -118.250157 34.052347, -118.252275 34.053711, -118.251005 34.055081, -118.253401 34.054434, -118.255897 34.056087, -118.256045 34.056183))"
90014,1,34.04,-118.25,"POLYGON ((-118.257926 34.045849, -118.253932 34.050176, -118.252844 34.049472, -118.25418 34.048038, -118.24524 34.04226, -118.245919 34.04011, -118.248334 34.037807, -118.25033 34.037303, -118.25271 34.039475, -118.25168 34.04132999999999, -118.254093 34.040736, -118.254517 34.041122, -118.254943 34.041599, -118.257126 34.043023, -118.256865 34.045163, -118.257926 34.045849))"
90015,1,34.03,-118.26,"POLYGON ((-118.284102 34.039855, -118.282846 34.039285, -118.279689 34.043821, -118.277897 34.045086, -118.280348 34.046193, -118.278433 34.047301, -118.276532 34.050232, -118.274313 34.051362, -118.271983 34.050311, -118.27101 34.051799, -118.269686 34.049277, -118.26654 34.047859, -118.261441 34.045817, -118.258206 34.043727, -118.256865 34.045163, -118.257126 34.043023, -118.254943 34.041599, -118.256716 34.040455, -118.255845 34.039571, -118.254093 34.040736, -118.25168 34.04132999999999, -118.25271 34.039475, -118.25033 34.037303, -118.249831 34.035545, -118.25103 34.036636, -118.25169 34.035914, -118.250333 34.034856, -118.251454 34.03332, -118.253018 34.034108, -118.255076 34.031193, -118.250771 34.029112, -118.25549 34.030583, -118.257437 34.027631, -118.25856 34.02588, -118.260543 34.026742, -118.259956 34.027571, -118.262182 34.028606, -118.262757 34.027703, -118.262905 34.027467, -118.262447 34.029962, -118.264679 34.030991, -118.274283 34.035398, -118.276743 34.036515, -118.278222 34.03422, -118.279192 34.034654, -118.277705 34.036951, -118.279613 34.037817, -118.281847 34.03744, -118.281547 34.037893, -118.282853 34.037618, -118.284023 34.038181, -118.284102 34.039855))"
90272,9,34.07,-118.54,"POLYGON ((-118.587102 34.09096, -118.584418 34.091672, -118.58243 34.093212, -118.581594 34.096281, -118.580325 34.097015, -118.580259 34.098344, -118.578385 34.100109, -118.574679 34.101561, -118.573205 34.103519, -118.57094 34.104838, -118.572862 34.10681, -118.569608 34.108861, -118.572708 34.109861, -118.573444 34.110983, -118.575713 34.110794, -118.576329 34.111415, -118.572493 34.117628, -118.564752 34.130168, -118.565316 34.130383, -118.564017 34.131147, -118.55992 34.129929, -118.557753 34.126981, -118.556774 34.126496, -118.55597 34.128034, -118.553622 34.128247, -118.554754 34.127113, -118.553408 34.12601, -118.549483 34.126434, -118.547814 34.12585, -118.54441 34.126548, -118.542059 34.127543, -118.541651 34.128931, -118.539306 34.1298, -118.5396 34.130949, -118.537358 34.130637, -118.534532 34.131412, -118.534054 34.129902, -118.532826 34.130969, -118.531871 34.129644, -118.526391 34.128592, -118.521545 34.128084, -118.518977 34.129031, -118.518817 34.12719, -118.517541 34.126212, -118.516463 34.122708, -118.51684 34.121671, -118.518473 34.120934, -118.520654 34.118862, -118.521442 34.117313, -118.520486 34.111734, -118.52144 34.104451, -118.521157 34.101357, -118.519309 34.097942, -118.519371 34.09309, -118.518732 34.089604, -118.51889 34.088637, -118.517583 34.08691, -118.516033 34.082535, -118.514177 34.081918, -118.512355 34.080045, -118.512157 34.078742, -118.510492 34.076605, -118.509945 34.075139, -118.509692 34.074239, -118.512761 34.072282, -118.511265 34.071473, -118.508211 34.069043, -118.504764 34.065503, -118.50531 34.064287, -118.504187 34.066151, -118.504805 34.06691199999999, -118.502849 34.067435, -118.501053 34.066679, -118.498509 34.064533, -118.496606 34.064071, -118.495264 34.062169, -118.496064 34.056627, -118.498566 34.054701, -118.499837 34.053025, -118.49987 34.051556, -118.496229 34.050223, -118.496873 34.04807, -118.503965 34.040724, -118.506598 34.040582, -118.50731 34.040196, -118.509355 34.041402, -118.510044 34.041046, -118.51365 34.033646, -118.515212 34.03313, -118.515373 34.035598, -118.513348 34.037548, -118.512267 34.040954, -118.513405 34.042344, -118.514098 34.03994, -118.515424 34.041355, -118.51399 34.04303, -118.515865 34.043106, -118.514433 34.044926, -118.514964 34.045563, -118.516827 34.044144, -118.517162 34.04194, -118.518212 34.041304, -118.518096 34.039318, -118.519617 34.034904, -118.518866 34.031382, -118.51712 34.031047, -118.51892 34.029219, -118.519726744824 34.0276081475071, -118.536114307181 34.0352454000966, -118.543115 34.038508, -118.549076 34.040201, -118.554891 34.037762, -118.562149 34.04079, -118.56714103306 34.0413888185296, -118.570107 34.047117, -118.570129 34.049083, -118.570165 34.051728, -118.570395 34.069346, -118.577505 34.070578, -118.578177 34.072522, -118.577141 34.074038, -118.578632 34.075686, -118.578355 34.076989, -118.579826 34.077487, -118.579637 34.080475, -118.582732 34.081617, -118.583276 34.082356, -118.58552 34.083147, -118.586439 34.086071, -118.587234 34.086532, -118.586792 34.088388, -118.587533 34.089785, -118.587102 34.09096))"
90016,23,34.02,-118.35,"POLYGON ((-118.381945 34.020965, -118.377952 34.02197, -118.376697 34.023988, -118.3771 34.026228, -118.37622 34.028646, -118.373643 34.030421, -118.371901 34.029929, -118.369577 34.03508, -118.372649 34.035825, -118.368792 34.038165, -118.369801 34.040019, -118.364793 34.042776, -118.365714 34.039686, -118.361984 34.041021, -118.361281 34.039899, -118.360723 34.041423, -118.359392 34.041832, -118.359036 34.039757, -118.35636 34.041129, -118.354671 34.04144, -118.346385 34.040155, -118.344713 34.03982, -118.339801 34.039837, -118.339554 34.040506, -118.337958 34.040068, -118.337374 34.039846, -118.329738 34.039872, -118.331675 34.036335, -118.332776 34.036765, -118.335101 34.032579, -118.335098 34.02241, -118.332901 34.021017, -118.3329 34.018232, -118.335312 34.018221, -118.335312 34.016419, -118.336465 34.016512, -118.336318 34.018223, -118.345182 34.018253, -118.347527 34.017056, -118.350433 34.018271, -118.35046 34.017276, -118.353611 34.017286, -118.353631 34.018282, -118.360994 34.018037, -118.367239 34.018395, -118.371781 34.019123, -118.372627 34.018471, -118.377973 34.018018, -118.378458 34.018456, -118.37921 34.018742, -118.381697 34.017924, -118.384937 34.019805, -118.381945 34.020965))"
90018,21,34.02,-118.31,"POLYGON ((-118.335101 34.032579, -118.332776 34.036765, -118.331675 34.036335, -118.329738 34.039872, -118.320074 34.039904, -118.320078 34.040897, -118.317701 34.040904, -118.317698 34.039912, -118.308999 34.039939, -118.300349 34.039969, -118.300241 34.030899, -118.301494 34.030893, -118.301474 34.027306, -118.30022 34.02731, -118.300165 34.018177, -118.313255 34.018255, -118.31709 34.017254, -118.318236 34.018274, -118.321325 34.01828, -118.322392 34.016129, -118.32414 34.016132, -118.324143 34.018895, -118.327078 34.018255, -118.3329 34.018232, -118.332901 34.021017, -118.335098 34.02241, -118.335101 34.032579))"
90019,66,34.04,-118.34,"POLYGON ((-118.370497 34.04141, -118.36978 34.043207, -118.367182 34.049699, -118.366871 34.053192, -118.366032 34.053378, -118.366008 34.055882, -118.364894 34.058305, -118.363818 34.058183, -118.360966 34.056668, -118.359856 34.057519, -118.354739 34.05741, -118.355409 34.054467, -118.354642 34.054199, -118.353539 34.057385, -118.339393 34.057063, -118.338167 34.058981, -118.336705 34.058597, -118.334975 34.059177, -118.330302 34.058895, -118.328521 34.059161, -118.330074 34.055869, -118.32791 34.055256, -118.328281 34.056741, -118.327655 34.058343, -118.318774 34.05513, -118.318081 34.05585, -118.309064 34.055846, -118.309059 34.054438, -118.31013 34.054438, -118.31013 34.049401, -118.309041 34.049402, -118.309033 34.047192, -118.310147 34.045374, -118.309016 34.043567, -118.308999 34.039939, -118.317698 34.039912, -118.317701 34.040904, -118.320078 34.040897, -118.320074 34.039904, -118.329738 34.039872, -118.337374 34.039846, -118.337958 34.040068, -118.339554 34.040506, -118.339801 34.039837, -118.344713 34.03982, -118.346385 34.040155, -118.354671 34.04144, -118.35636 34.041129, -118.359036 34.039757, -118.359392 34.041832, -118.360723 34.041423, -118.361281 34.039899, -118.361984 34.041021, -118.365714 34.039686, -118.364793 34.042776, -118.369801 34.040019, -118.370497 34.04141))"
90020,11,34.06,-118.31,"POLYGON ((-118.337348 34.068911, -118.309114 34.068961, -118.302901 34.069119, -118.302917 34.071178, -118.301662 34.071186, -118.301597 34.06901, -118.291662 34.069052, -118.291666 34.070382, -118.289764 34.070396, -118.289365 34.069056, -118.285815 34.068986, -118.284334 34.068528, -118.284302 34.063715, -118.289914 34.063691, -118.291644 34.063683, -118.292914 34.063604, -118.295365 34.063595, -118.296637 34.063589, -118.299197 34.063574, -118.301597 34.06356, -118.302852 34.063553, -118.304107 34.063545, -118.304108 34.061857, -118.304174 34.061721, -118.305352 34.063538, -118.309093 34.063516, -118.310339 34.063516, -118.313157 34.063516, -118.313731 34.063419, -118.31436 34.063207, -118.314839 34.063121, -118.315406 34.063147, -118.3165 34.063448, -118.319959 34.063547, -118.321412 34.063581, -118.331847 34.064, -118.33373 34.064937, -118.337149 34.064928, -118.337763 34.066905, -118.337348 34.068911))"
90024,3,34.06,-118.43,"POLYGON ((-118.457898 34.069106, -118.454996 34.070319, -118.455924 34.074765, -118.455491 34.07585, -118.454658 34.076543, -118.453252 34.07692, -118.450796 34.075773, -118.448707 34.073516, -118.445241 34.073811, -118.444885 34.073349, -118.44869 34.073294, -118.44955 34.071218, -118.448974 34.068534, -118.447501 34.066281, -118.448223 34.063639, -118.445343 34.063675, -118.44509 34.067015, -118.441201 34.067033, -118.439176 34.067505, -118.438759 34.070357, -118.437445 34.071632, -118.43734 34.072978, -118.439421 34.078246, -118.43559 34.080614, -118.433855 34.082749, -118.431746 34.082236, -118.429208 34.079191, -118.425974 34.080835, -118.425266 34.080812, -118.423023 34.079931, -118.423828 34.07974, -118.423289 34.075689, -118.420928 34.075428, -118.419642 34.072652, -118.418462 34.072361, -118.416371 34.06884, -118.416319 34.067079, -118.414344 34.064324, -118.418614 34.061389, -118.421419 34.059461, -118.422415 34.060124, -118.42473 34.058368, -118.424179 34.057564, -118.431518 34.05252, -118.433514 34.053866, -118.435551 34.05268, -118.43397 34.050847, -118.441264 34.048661, -118.443 34.050673, -118.442102 34.05121, -118.447715 34.057721, -118.451815 34.055939, -118.454106 34.058346, -118.454211 34.05848, -118.449929 34.060527, -118.4544 34.065597, -118.454681 34.066799, -118.456648 34.06763, -118.457898 34.069106))"
90025,5,34.04,-118.44,"MULTIPOLYGON (((-118.444664 34.0339, -118.443705 34.034473, -118.441883 34.035564, -118.440718 34.034213, -118.444312 34.03341, -118.444664 34.0339)), ((-118.474465 34.044279, -118.473077 34.044171, -118.470308 34.041804, -118.459221 34.050785, -118.458 34.053152, -118.455058 34.054587, -118.454134 34.053092, -118.456042 34.051267, -118.455545 34.049806, -118.453027 34.049201, -118.451135 34.04968, -118.450037 34.048365, -118.448636 34.049356, -118.449993 34.052835, -118.454106 34.058346, -118.451815 34.055939, -118.447715 34.057721, -118.442102 34.05121, -118.443 34.050673, -118.441264 34.048661, -118.43397 34.050847, -118.435551 34.05268, -118.433514 34.053866, -118.431518 34.05252, -118.424179 34.057564, -118.42473 34.058368, -118.422415 34.060124, -118.421419 34.059461, -118.418614 34.061389, -118.421294 34.059084, -118.4162 34.053176, -118.417652 34.053016, -118.418333 34.051715, -118.44126 34.038187, -118.442445 34.039561, -118.444348 34.038423, -118.443162 34.037048, -118.446895 34.034815, -118.448079 34.036188, -118.449041 34.035612, -118.447858 34.034239, -118.449826 34.033196, -118.450933 34.03447999999999, -118.454021 34.032633, -118.458037 34.036058, -118.46146 34.03328, -118.470888 34.041334, -118.47096 34.041276, -118.473721 34.044036, -118.474465 34.044279)))"
90026,4,34.07,-118.26,"POLYGON ((-118.284466 34.083733, -118.27955 34.090733, -118.279715 34.091542, -118.277162 34.095776, -118.275638 34.095363, -118.268551 34.095291, -118.268562 34.09414599999999, -118.266757 34.093476, -118.266013 34.09563, -118.261035 34.099946, -118.260856 34.09752, -118.26334 34.093963, -118.264394 34.091552, -118.261219 34.090067, -118.260434 34.090493, -118.256614 34.088835, -118.254316 34.087332, -118.254234 34.089112, -118.250742 34.093426, -118.251311 34.095035, -118.248899 34.095572, -118.246686 34.094631, -118.245978 34.095117, -118.243699 34.094277, -118.243823 34.095615, -118.237301 34.089257, -118.232118 34.085961, -118.232552 34.085811, -118.237523 34.08913, -118.240288 34.085341, -118.243034 34.086149, -118.245668 34.083649, -118.247504 34.080569, -118.249715 34.082296, -118.251651 34.080382, -118.251243 34.078669, -118.246869 34.07635399999999, -118.245418 34.075124, -118.247019 34.073965, -118.247456 34.073246, -118.246998 34.072323, -118.246484 34.071778, -118.24883 34.067348, -118.251504 34.066968, -118.25205 34.065825, -118.254167 34.067361, -118.254427 34.066964, -118.250376 34.064099, -118.25133 34.063193, -118.25271 34.064799, -118.25506 34.061142, -118.253407 34.060393, -118.256045 34.056183, -118.259378 34.058226, -118.267932 34.060871, -118.26843 34.062051, -118.266594 34.065005, -118.277646 34.069861, -118.277174 34.070598, -118.278988 34.071389, -118.279463 34.070648, -118.284036 34.072629, -118.282087 34.075677, -118.283044 34.076126, -118.284399 34.076717, -118.284419 34.078735, -118.282043 34.077698, -118.281594 34.078403, -118.284428 34.079641, -118.284464 34.083589, -118.284466 34.083733))"
90027,4,34.12,-118.28,"POLYGON ((-118.312486 34.15469, -118.31032 34.16076, -118.308728 34.161439, -118.30807 34.161224, -118.304335 34.15884, -118.29883 34.157683, -118.297415 34.158871, -118.295602 34.158798, -118.29154 34.155777, -118.287469 34.155771, -118.282672 34.156774, -118.280496 34.156333, -118.27932 34.155128, -118.279012 34.153367, -118.278983 34.153203, -118.278535 34.153205, -118.278337 34.153205, -118.278183 34.148029, -118.276272 34.141043, -118.272408 34.12751799999999, -118.270071 34.122066, -118.269967 34.121213, -118.26735 34.115765, -118.265391 34.113684, -118.266243 34.1127, -118.267271 34.112279, -118.26897 34.111588, -118.271385 34.10917999999999, -118.27296 34.103681, -118.273292 34.103688, -118.273637 34.09937, -118.277162 34.095776, -118.284127 34.095812, -118.286722 34.095735, -118.288479 34.096705, -118.288478 34.09567, -118.300499 34.095221, -118.300507 34.096669, -118.303139 34.09666199999999, -118.303134 34.095126, -118.309211 34.09489, -118.309282 34.105381, -118.309297 34.107687, -118.307736 34.107988, -118.307256 34.110138, -118.307509 34.113408, -118.306509 34.116808, -118.307109 34.117508, -118.307909 34.115008, -118.308809 34.116508, -118.307909 34.119308, -118.308809 34.120108, -118.307409 34.123408, -118.306309 34.124508, -118.304609 34.124808, -118.302009 34.123608, -118.304009 34.125308, -118.306909 34.126108, -118.304209 34.128208, -118.305802 34.129003, -118.304367 34.130872, -118.302298 34.130872, -118.300852 34.131578, -118.301576 34.134021, -118.302785 34.134116, -118.303949 34.135428, -118.305369 34.135516, -118.306328 34.137106, -118.308456 34.13903, -118.305145 34.137971, -118.30339 34.141714, -118.305515 34.141985, -118.305273 34.144321, -118.306243 34.143336, -118.307149 34.14485, -118.308874 34.144453, -118.306232 34.147031, -118.304417 34.148193, -118.302741 34.147639, -118.302129 34.149428, -118.305115 34.14937, -118.307245 34.1488, -118.30932 34.150525, -118.30869 34.152551, -118.309218 34.153863, -118.311835 34.153149, -118.310878 34.15485, -118.312615 34.154477, -118.312486 34.15469))"
90028,4,34.1,-118.32,"POLYGON ((-118.346767 34.100267, -118.345084 34.101206, -118.345873 34.10369, -118.34484 34.104012, -118.34386 34.104116, -118.344158 34.105759, -118.342809 34.104119, -118.338368 34.104136, -118.336415 34.105976, -118.333353 34.10642199999999, -118.333346 34.105197, -118.328171 34.105432, -118.325218 34.105197, -118.315814 34.105265, -118.31578 34.107724, -118.314741 34.107365, -118.314739 34.105284, -118.309282 34.105381, -118.309211 34.09489, -118.3092 34.093606, -118.31108 34.094794, -118.315753 34.09472, -118.315761 34.095821, -118.317946 34.095807, -118.317939 34.094412, -118.324459 34.094375, -118.324455 34.093496, -118.326636 34.093487, -118.326639 34.094366, -118.343382 34.094328, -118.344086 34.094327, -118.34411 34.097935, -118.344652 34.099779, -118.346769 34.099794, -118.346767 34.100267))"
90029,7,34.09,-118.29,"POLYGON ((-118.309211 34.09489, -118.303134 34.095126, -118.303139 34.09666199999999, -118.300507 34.096669, -118.300499 34.095221, -118.288478 34.09567, -118.288479 34.096705, -118.286722 34.095735, -118.284127 34.095812, -118.277162 34.095776, -118.279715 34.091542, -118.27955 34.090733, -118.284466 34.083733, -118.284464 34.083589, -118.309145 34.083509, -118.3092 34.093606, -118.309211 34.09489))"
90031,1,34.08,-118.2,"MULTIPOLYGON (((-118.227235 34.081218, -118.226547 34.081171, -118.226154 34.080315, -118.219798 34.084471, -118.212766 34.086419, -118.212724 34.087865, -118.211445 34.090835, -118.206477 34.096972, -118.205752 34.095363, -118.200556 34.101324, -118.19631 34.102888, -118.196283 34.101904, -118.198545 34.101824, -118.201176 34.100037, -118.19064 34.09670699999999, -118.191389 34.091882, -118.190778 34.089188, -118.191434 34.087097, -118.192849 34.08709, -118.192843 34.085918, -118.196551 34.084411, -118.199007 34.084007, -118.200979 34.078708, -118.202841 34.078678, -118.202732 34.073825, -118.196497 34.073918, -118.194177 34.077382, -118.1934 34.077913, -118.194305 34.07561, -118.197518 34.064659, -118.202983 34.065584, -118.207547 34.065182, -118.210159 34.06374, -118.211485 34.064135, -118.211151 34.06277, -118.214847 34.060248, -118.215856 34.063356, -118.226747 34.062246, -118.224513 34.067602, -118.224793 34.071974, -118.226553 34.079733, -118.227235 34.081218)), ((-118.242327 34.095055, -118.240448 34.096539, -118.237807 34.094344, -118.233932 34.093605, -118.231452 34.092464, -118.22937 34.090154, -118.22788 34.083188, -118.228423 34.083427, -118.232118 34.085961, -118.237301 34.089257, -118.243823 34.095615, -118.242327 34.095055)))"
90032,1,34.08,-118.17,"POLYGON ((-118.202841 34.078678, -118.200979 34.078708, -118.199007 34.084007, -118.196551 34.084411, -118.192843 34.085918, -118.192849 34.08709, -118.191434 34.087097, -118.190778 34.089188, -118.191389 34.091882, -118.19064 34.09670699999999, -118.190177 34.093636, -118.187226 34.092604, -118.185931 34.093073, -118.182524 34.091053, -118.181095 34.094484, -118.182281 34.094826, -118.181567 34.09654, -118.18038 34.096198, -118.177996 34.101921, -118.177994 34.098595, -118.155292 34.098576, -118.155463 34.097515, -118.155885 34.096823, -118.16066 34.093441, -118.160544 34.08889, -118.160496 34.075131, -118.161761 34.074635, -118.161767 34.07103, -118.164694 34.065209, -118.165293 34.062298, -118.169259 34.06229, -118.169256 34.061489, -118.173396 34.060453, -118.174256 34.061347, -118.178214 34.061396, -118.179064 34.062236, -118.181303 34.061754, -118.18503 34.061757, -118.186107 34.062523, -118.192638 34.063153, -118.192692 34.063755, -118.197518 34.064659, -118.194305 34.07561, -118.1934 34.077913, -118.194177 34.077382, -118.196497 34.073918, -118.202732 34.073825, -118.202841 34.078678))"
90033,3,34.04,-118.21,"POLYGON ((-118.229988 34.047908, -118.228577 34.052912, -118.226241 34.055929, -118.226904 34.061622, -118.226747 34.062246, -118.215856 34.063356, -118.214847 34.060248, -118.211151 34.06277, -118.211485 34.064135, -118.210159 34.06374, -118.207547 34.065182, -118.202983 34.065584, -118.197518 34.064659, -118.192692 34.063755, -118.192638 34.063153, -118.192625 34.061762, -118.192564 34.054762, -118.195188 34.05297, -118.196444 34.049824, -118.199555 34.044896, -118.197766 34.044095, -118.200403 34.043551, -118.20337 34.038932, -118.201266 34.037993, -118.202278 34.036379, -118.203403 34.03688, -118.204739 34.034775, -118.206036 34.034909, -118.20865 34.035235, -118.217362 34.039075, -118.21822 34.037745, -118.219577 34.038317, -118.220918 34.033727, -118.221694 34.036913, -118.221638 34.04229, -118.22192 34.039106, -118.224655 34.039106, -118.227695 34.038436, -118.228688 34.041549, -118.229988 34.047908), (-118.207358 34.060642, -118.204591 34.059425, -118.203489 34.061302, -118.204317 34.061557, -118.204974 34.062396, -118.207358 34.060642))"
90034,11,34.02,-118.39,"POLYGON ((-118.42864 34.027367, -118.427298 34.025671, -118.426325 34.027099, -118.424839 34.027875, -118.425439 34.028634, -118.419957 34.031142, -118.418345 34.03064, -118.41707 34.031704, -118.413739 34.031472, -118.409887 34.030226, -118.403202 34.029546, -118.402401 34.030421, -118.402374 34.030946, -118.40183 34.032939, -118.400642 34.034907, -118.400188 34.035055, -118.399374 34.036234, -118.399618 34.036771, -118.398868 34.038118, -118.399074 34.039692, -118.398597 34.039801, -118.398654 34.04032, -118.399453 34.044128, -118.400641 34.046311, -118.400644 34.04643, -118.397282 34.045499, -118.394524 34.045827, -118.386592 34.044868, -118.380888 34.043405, -118.370497 34.04141, -118.369801 34.040019, -118.368792 34.038165, -118.372649 34.035825, -118.369577 34.03508, -118.375919 34.032417, -118.384206 34.030214, -118.38776 34.029064, -118.38834 34.029485, -118.3961 34.025077, -118.406864 34.018574, -118.41692 34.012887, -118.418235 34.012109, -118.429918 34.026861, -118.42864 34.027367))"
90035,16,34.05,-118.38,"POLYGON ((-118.405362 34.054544, -118.40591 34.055624, -118.405812 34.05596, -118.405488 34.056691, -118.405657 34.057039, -118.405658 34.057104, -118.400907 34.056997, -118.39908 34.057035, -118.397948 34.057095, -118.39751 34.05734, -118.397328 34.057094, -118.390298 34.057085, -118.383666 34.057099, -118.383534 34.062937, -118.37733 34.062954, -118.377266 34.059384, -118.376174 34.059462, -118.373678 34.059308, -118.373846 34.058266, -118.371758 34.059088, -118.364894 34.058305, -118.366008 34.055882, -118.366032 34.053378, -118.366871 34.053192, -118.367182 34.049699, -118.36978 34.043207, -118.370497 34.04141, -118.380888 34.043405, -118.386592 34.044868, -118.394524 34.045827, -118.397282 34.045499, -118.400644 34.04643, -118.400641 34.046311, -118.402375 34.046615, -118.40149 34.051835, -118.403644 34.052089, -118.406023 34.05266599999999, -118.405362 34.054544))"
90036,32,34.06,-118.35,"POLYGON ((-118.361375 34.062967, -118.361452 34.080191, -118.361417 34.083811, -118.347435 34.083505, -118.346216 34.081852, -118.345149 34.083455, -118.34405 34.083431, -118.338583 34.083457, -118.338496 34.080292, -118.337995 34.08029399999999, -118.337734 34.068981, -118.337348 34.068911, -118.337763 34.066905, -118.337149 34.064928, -118.338469 34.064925, -118.338464 34.062115, -118.336545 34.062077, -118.337054 34.060564, -118.337616 34.060423, -118.338167 34.058981, -118.339393 34.057063, -118.353539 34.057385, -118.354642 34.054199, -118.355409 34.054467, -118.354739 34.05741, -118.359856 34.057519, -118.360966 34.056668, -118.363818 34.058183, -118.361375 34.062967))"
90037,10,34.0,-118.28,"POLYGON ((-118.300551 34.010852, -118.300173 34.010866, -118.300165 34.018177, -118.293071 34.01816, -118.291537 34.015481, -118.287607 34.015636, -118.287345 34.016513, -118.282759 34.016514, -118.282754 34.015665, -118.281066 34.015617, -118.280849 34.014518, -118.280303 34.01559, -118.274009 34.013057, -118.273984 34.005683, -118.273428 34.003831, -118.27279 34.003835, -118.273972 34.002014, -118.273953 33.996505, -118.272844 33.996514, -118.273948 33.995227, -118.273928 33.989191, -118.28039 33.989154, -118.283204 33.989139, -118.300193 33.989109, -118.30018 34.003697, -118.300758 34.003698, -118.300551 34.010852))"
90038,4,34.08,-118.32,"POLYGON ((-118.345153 34.085261, -118.344052 34.085265, -118.344059 34.088893, -118.344086 34.094327, -118.343382 34.094328, -118.326639 34.094366, -118.326636 34.093487, -118.324455 34.093496, -118.324459 34.094375, -118.317939 34.094412, -118.317946 34.095807, -118.315761 34.095821, -118.315753 34.09472, -118.31108 34.094794, -118.3092 34.093606, -118.309145 34.083509, -118.315712 34.083504, -118.315724 34.081661, -118.317877 34.081661, -118.317883 34.083502, -118.323665 34.083496, -118.323659 34.081677, -118.324848 34.081674, -118.324854 34.083493, -118.327707 34.083482, -118.328383 34.081661, -118.331063 34.08165, -118.330959 34.083466, -118.338583 34.083457, -118.34405 34.083431, -118.345149 34.083455, -118.345153 34.085261))"
90039,4,34.11,-118.26,"POLYGON ((-118.278337 34.153205, -118.277219 34.153208, -118.275876 34.153165, -118.275401 34.153166, -118.272095 34.146749, -118.269808 34.141988, -118.263473 34.129673, -118.261069 34.125771, -118.258424 34.122585, -118.254135 34.11886, -118.252363 34.117349, -118.24744 34.113062, -118.246438 34.111753, -118.245187 34.109343, -118.242459 34.106247, -118.24096 34.101998, -118.237345 34.095999, -118.236666 34.096694, -118.234394 34.094965, -118.230692 34.093401, -118.227272 34.089689, -118.22692 34.082876, -118.227606 34.08308299999999, -118.22788 34.083188, -118.22937 34.090154, -118.231452 34.092464, -118.233932 34.093605, -118.237807 34.094344, -118.240448 34.096539, -118.242327 34.095055, -118.243823 34.095615, -118.243699 34.094277, -118.245978 34.095117, -118.246686 34.094631, -118.248899 34.095572, -118.251311 34.095035, -118.250742 34.093426, -118.254234 34.089112, -118.254316 34.087332, -118.256614 34.088835, -118.260434 34.090493, -118.261219 34.090067, -118.264394 34.091552, -118.26334 34.093963, -118.260856 34.09752, -118.261035 34.099946, -118.266013 34.09563, -118.266757 34.093476, -118.268562 34.09414599999999, -118.268551 34.095291, -118.275638 34.095363, -118.277162 34.095776, -118.273637 34.09937, -118.273292 34.103688, -118.27296 34.103681, -118.271385 34.10917999999999, -118.26897 34.111588, -118.267271 34.112279, -118.266243 34.1127, -118.265391 34.113684, -118.26735 34.115765, -118.269967 34.121213, -118.270071 34.122066, -118.272408 34.12751799999999, -118.276272 34.141043, -118.278183 34.148029, -118.278337 34.153205))"
90293,1,33.94,-118.44,"POLYGON ((-118.451301 33.964231, -118.432259 33.975016, -118.432009 33.974636, -118.42655 33.966385, -118.425965 33.96588, -118.427161 33.965198, -118.430293 33.967192, -118.436734 33.963959, -118.439437 33.962904, -118.437941 33.959657, -118.43513 33.962909, -118.435774 33.963722, -118.432832 33.965063, -118.431096 33.963265, -118.42883 33.963624, -118.428088 33.96172, -118.428424 33.960632, -118.430252 33.960624, -118.430655 33.959705, -118.426367 33.959717, -118.426541 33.958178, -118.428619 33.955312, -118.430339 33.95549099999999, -118.425287 33.953944, -118.421912 33.953774, -118.417936 33.95604, -118.416327 33.955854, -118.413978 33.953999, -118.422511 33.952671, -118.425758 33.952688, -118.433098 33.951873, -118.43689 33.952081, -118.439196 33.951636, -118.436478 33.946844, -118.436003 33.943379, -118.428775 33.93096999999999, -118.428754 33.927201, -118.427667 33.927203, -118.42766 33.923582, -118.426574 33.923583, -118.426571 33.921769, -118.424396 33.92177, -118.424391 33.919958, -118.422222 33.919957, -118.422221 33.916329, -118.429749014445 33.91627096154109, -118.430011733396 33.91676981973669, -118.435197538436 33.9266167734248, -118.44241 33.940312, -118.442490840366 33.94046214188749, -118.450677 33.955666, -118.455822236985 33.9626297317564, -118.451301 33.964231))"
90041,1,34.13,-118.2,"POLYGON ((-118.228784 34.139073, -118.228774 34.146032, -118.226231 34.149789, -118.222455 34.149254, -118.219436 34.148275, -118.219179 34.147514, -118.211614 34.147176, -118.210972 34.14622, -118.207723 34.147247, -118.205432 34.147431, -118.202701 34.150633, -118.198191 34.151626, -118.198195 34.149045, -118.183878 34.149081, -118.184561 34.145401, -118.183708 34.144772, -118.184812 34.143488, -118.184666 34.142768, -118.185212 34.142833, -118.183111 34.141943, -118.180541 34.141374, -118.180376 34.141232, -118.185468 34.138602, -118.186097 34.133732, -118.187555 34.133351, -118.189127 34.131831, -118.189722 34.133331, -118.190955 34.133118, -118.193532 34.131329, -118.193337 34.130258, -118.195042 34.129056, -118.201483 34.12976099999999, -118.203193 34.127907, -118.207279 34.128099, -118.208144 34.124578, -118.209875 34.124847, -118.210386 34.126015, -118.211335 34.125079, -118.213725 34.125533, -118.214221 34.123567, -118.213808 34.121936, -118.21502 34.12216799999999, -118.215891 34.120768, -118.214909 34.118622, -118.217401 34.119075, -118.217322 34.11758, -118.218564 34.117901, -118.22179 34.120764, -118.224297 34.122219, -118.223266 34.122719, -118.224366 34.124285, -118.225693 34.123645, -118.226065 34.124512, -118.225152 34.126247, -118.223888 34.126479, -118.222635 34.129922, -118.224658 34.13012, -118.223764 34.131465, -118.224489 34.132867, -118.222917 34.135197, -118.225648 34.136071, -118.227751 34.135601, -118.227877 34.138084, -118.229149 34.138079, -118.228784 34.139073))"
90042,3,34.11,-118.19,"POLYGON ((-118.217401 34.119075, -118.214909 34.118622, -118.215891 34.120768, -118.21502 34.12216799999999, -118.213808 34.121936, -118.214221 34.123567, -118.213725 34.125533, -118.211335 34.125079, -118.210386 34.126015, -118.209875 34.124847, -118.208144 34.124578, -118.207279 34.128099, -118.203193 34.127907, -118.201483 34.12976099999999, -118.195042 34.129056, -118.193337 34.130258, -118.193532 34.131329, -118.190955 34.133118, -118.189722 34.133331, -118.189127 34.131831, -118.187555 34.133351, -118.186097 34.133732, -118.182817 34.131211, -118.18258 34.129186, -118.180896 34.128331, -118.180193 34.126425, -118.176541 34.126624, -118.176955 34.123141, -118.172804 34.124771, -118.172528 34.125828, -118.170536 34.126903, -118.167607 34.126019, -118.167274 34.125868, -118.16593 34.125337, -118.168262 34.124302, -118.168053 34.123923, -118.167472 34.121105, -118.16889 34.119924, -118.168866 34.117843, -118.172758 34.113627, -118.176886 34.112057, -118.177333 34.110847, -118.177995 34.110244, -118.177996 34.101921, -118.18038 34.096198, -118.181567 34.09654, -118.182281 34.094826, -118.181095 34.094484, -118.182524 34.091053, -118.185931 34.093073, -118.187226 34.092604, -118.190177 34.093636, -118.19064 34.09670699999999, -118.201176 34.100037, -118.198545 34.101824, -118.196283 34.101904, -118.19631 34.102888, -118.200556 34.101324, -118.202462 34.102363, -118.204857 34.102766, -118.204837 34.100267, -118.205644 34.099002, -118.208402 34.096989, -118.204986 34.100941, -118.205497 34.105402, -118.206722 34.105538, -118.208823 34.107661, -118.209825 34.107695, -118.207835 34.105668, -118.211221 34.10808, -118.214418 34.108518, -118.213287 34.11227, -118.211387 34.114456, -118.215058 34.115962, -118.217322 34.11758, -118.217401 34.119075))"
90043,20,33.98,-118.33,"POLYGON ((-118.358549 33.995621, -118.357888 33.997112, -118.356974 33.997714, -118.355254 34.001196, -118.354443 34.001677, -118.353524 34.002512, -118.352692 34.001422, -118.349174 34.001914, -118.343278 34.001358, -118.339729 34.001656, -118.339371 34.002277, -118.337183 34.002108, -118.332473 34.003393, -118.331942 34.003634, -118.317619 34.00369, -118.317112 34.000053, -118.317112 33.999967, -118.317402 33.999837, -118.317569 33.997743, -118.31712 33.995036, -118.317131 33.989102, -118.317632 33.988955, -118.31768 33.984398, -118.320701 33.982969, -118.321642 33.982002, -118.317684 33.983865, -118.317687 33.983353, -118.318227 33.983108, -118.31823 33.980006, -118.317712 33.980008, -118.317726 33.978201, -118.318707 33.978198, -118.31872 33.976391, -118.317739 33.976394, -118.317747 33.970923, -118.326471 33.970909, -118.32648 33.967267, -118.33303 33.967249, -118.333024 33.972696, -118.335212 33.972691, -118.33521 33.974447, -118.335186 33.981758, -118.358544 33.981667, -118.358462 33.983042, -118.357254 33.985619, -118.358256 33.988567, -118.358898 33.993244, -118.358549 33.995621))"
90044,3,33.95,-118.29,"POLYGON ((-118.308962 33.929256, -118.306488 33.928833, -118.302754 33.928838, -118.302414 33.930192, -118.300298 33.930155, -118.300255 33.948677, -118.300759 33.949998, -118.300262 33.949999, -118.300267 33.959481, -118.30024 33.967286, -118.301394 33.967286, -118.301378 33.974576, -118.300289 33.974577, -118.300259 33.981422, -118.302404 33.981418, -118.3024 33.98235, -118.300255 33.982345, -118.300193 33.989109, -118.283204 33.989139, -118.282664 33.987364, -118.282594 33.939181, -118.282591 33.93736, -118.284803 33.937348, -118.284804 33.93561, -118.282591 33.935622, -118.282593 33.929776, -118.286956 33.929762, -118.286957 33.928529, -118.280567 33.928499, -118.280789 33.92736, -118.284796 33.927349, -118.284786 33.923711, -118.282578 33.923719, -118.283035 33.920782, -118.282708 33.916422, -118.285945 33.916422, -118.287637 33.917263, -118.291607 33.916422, -118.298604 33.916432, -118.300379 33.91741, -118.300308 33.927271, -118.306161 33.925971, -118.30905 33.925448, -118.308962 33.929256))"
90045,14,33.95,-118.4,"POLYGON ((-118.439437 33.962904, -118.436734 33.963959, -118.430293 33.967192, -118.427161 33.965198, -118.425965 33.96588, -118.423882 33.967194, -118.422964 33.970072, -118.41891 33.972312, -118.413593 33.974583, -118.409873 33.975805, -118.404488 33.977216, -118.401614 33.982284, -118.39923 33.982796, -118.397635 33.982093, -118.386735 33.976719, -118.386404 33.97709, -118.381638 33.976424, -118.371807 33.978048, -118.371782 33.977319, -118.3703 33.978664, -118.370231 33.979929, -118.37009 33.968457, -118.37034 33.967993, -118.371496 33.967991, -118.370842 33.96682, -118.369894 33.963804, -118.371295 33.963345, -118.376855 33.960816, -118.378834 33.95748, -118.378843 33.952647, -118.370057 33.952672, -118.370037 33.94542, -118.370035 33.943104, -118.370033 33.930929, -118.368387 33.930946, -118.368375 33.929021, -118.370015 33.928945, -118.370004 33.923671, -118.374342 33.923661, -118.374381 33.929013, -118.378429 33.929008, -118.378728 33.930895, -118.396105 33.9309, -118.402059 33.931495, -118.425047 33.931354, -118.428775 33.93096999999999, -118.436003 33.943379, -118.436478 33.946844, -118.439196 33.951636, -118.43689 33.952081, -118.433098 33.951873, -118.425758 33.952688, -118.422511 33.952671, -118.413978 33.953999, -118.416327 33.955854, -118.417936 33.95604, -118.421912 33.953774, -118.425287 33.953944, -118.430339 33.95549099999999, -118.428619 33.955312, -118.426541 33.958178, -118.426367 33.959717, -118.430655 33.959705, -118.430252 33.960624, -118.428424 33.960632, -118.428088 33.96172, -118.42883 33.963624, -118.431096 33.963265, -118.432832 33.965063, -118.435774 33.963722, -118.43513 33.962909, -118.437941 33.959657, -118.439437 33.962904))"
90046,10,34.1,-118.37,"POLYGON ((-118.398129 34.120193, -118.397117 34.119038, -118.394175 34.120231, -118.390078 34.122917, -118.387833 34.123346, -118.386713 34.121896, -118.38133 34.12253, -118.380976 34.124505, -118.382149 34.125112, -118.38171 34.126635, -118.380552 34.126904, -118.375305 34.123538, -118.373637 34.126827, -118.37137 34.127022, -118.373272 34.131029, -118.369425 34.129195, -118.366056 34.128968, -118.365299 34.128872, -118.36332 34.128236, -118.362837 34.129007, -118.360602 34.128725, -118.360487 34.128561, -118.359856 34.12847, -118.359686 34.128137, -118.360033 34.12751, -118.360349 34.127348, -118.36041 34.126071, -118.359404 34.125729, -118.351755 34.125349, -118.351305 34.122702, -118.353353 34.123561, -118.354667 34.122554, -118.355113 34.12356, -118.356222 34.12228899999999, -118.355329 34.12145, -118.352041 34.12018, -118.352274 34.119819, -118.350462 34.120002, -118.350144 34.118682, -118.347397 34.114903, -118.347265 34.112954, -118.34553 34.111884, -118.346183 34.111308, -118.345429 34.107332, -118.344838 34.10567, -118.34484 34.104012, -118.345873 34.10369, -118.345084 34.101206, -118.346767 34.100267, -118.346769 34.099794, -118.344652 34.099779, -118.34411 34.097935, -118.344086 34.094327, -118.344059 34.088893, -118.344052 34.085265, -118.345153 34.085261, -118.345149 34.083455, -118.346216 34.081852, -118.347435 34.083505, -118.361417 34.083811, -118.364809 34.083762, -118.364795 34.081583, -118.365889 34.083746, -118.370302 34.08368, -118.370229 34.085402, -118.369075 34.08542, -118.369088 34.087101, -118.370233 34.087084, -118.370295 34.091727, -118.369811 34.092255, -118.370364 34.096854, -118.368642 34.098461, -118.366941 34.098837, -118.367406 34.100585, -118.369041 34.101251, -118.367113 34.102632, -118.367667 34.103959, -118.370071 34.10535, -118.370155 34.104094, -118.373325 34.101979, -118.377115 34.102311, -118.377667 34.103564, -118.379274 34.103276, -118.380111 34.104508, -118.38193 34.105048, -118.382718 34.106125, -118.388396 34.107532, -118.392114 34.106261, -118.390574 34.109203, -118.391583 34.112426, -118.391845 34.11293, -118.394747 34.117145, -118.395593 34.115479, -118.398663 34.113552, -118.397368 34.117008, -118.399444 34.115722, -118.398129 34.120193))"
90047,14,33.95,-118.3,"POLYGON ((-118.320701 33.982969, -118.31768 33.984398, -118.317632 33.988955, -118.317131 33.989102, -118.308934 33.989719, -118.304431 33.98971, -118.304565 33.989118, -118.300193 33.989109, -118.300255 33.982345, -118.3024 33.98235, -118.302404 33.981418, -118.300259 33.981422, -118.300289 33.974577, -118.301378 33.974576, -118.301394 33.967286, -118.30024 33.967286, -118.300267 33.959481, -118.300262 33.949999, -118.300759 33.949998, -118.300255 33.948677, -118.300298 33.930155, -118.302414 33.930192, -118.302754 33.928838, -118.306488 33.928833, -118.308962 33.929256, -118.30905 33.925448, -118.306161 33.925971, -118.300308 33.927271, -118.300379 33.91741, -118.304533 33.917406, -118.304528 33.916445, -118.308997 33.916443, -118.314247 33.91645, -118.314594 33.918536, -118.317787 33.917683, -118.31777 33.921721, -118.313394 33.923532, -118.313392 33.930912, -118.317753 33.930901, -118.31772 33.945463, -118.317747 33.970923, -118.317739 33.976394, -118.31872 33.976391, -118.318707 33.978198, -118.317726 33.978201, -118.317712 33.980008, -118.31823 33.980006, -118.318227 33.983108, -118.317687 33.983353, -118.317684 33.983865, -118.321642 33.982002, -118.320701 33.982969))"
90303,3,33.93,-118.33,"POLYGON ((-118.347159 33.933145, -118.347159 33.93277, -118.345046 33.933499, -118.344438 33.941828, -118.343915 33.945968, -118.343928 33.952713, -118.341366 33.952862, -118.338725 33.954315, -118.33529 33.953768, -118.335474 33.950542, -118.334005 33.945833, -118.339649 33.945457, -118.333789 33.945472, -118.334153 33.947092, -118.329438 33.947084, -118.329404 33.946214, -118.326718 33.94625, -118.326457 33.945473, -118.31772 33.945463, -118.317753 33.930901, -118.322097 33.930898, -118.322072 33.92904, -118.326422 33.928788, -118.326427 33.926769, -118.325542 33.926715, -118.323833 33.926023, -118.317765 33.92527, -118.326436 33.925006, -118.33388 33.924707, -118.336262 33.925159, -118.335659 33.924056, -118.335154 33.923702, -118.337351 33.923712, -118.33732 33.925876, -118.336906 33.925468, -118.336482 33.925578, -118.337277 33.927093, -118.337365 33.929476, -118.337367 33.929981, -118.341591 33.929979, -118.342632 33.929907, -118.343875 33.930942, -118.345958 33.930947, -118.347454 33.931724, -118.347159 33.933145))"
90305,3,33.95,-118.33,"POLYGON ((-118.34405 33.97116, -118.337589 33.97431, -118.33521 33.974447, -118.335212 33.972691, -118.333024 33.972696, -118.33303 33.967249, -118.32648 33.967267, -118.326471 33.970909, -118.317747 33.970923, -118.31772 33.945463, -118.326457 33.945473, -118.326718 33.94625, -118.329404 33.946214, -118.329438 33.947084, -118.334153 33.947092, -118.333789 33.945472, -118.339649 33.945457, -118.334005 33.945833, -118.335474 33.950542, -118.33529 33.953768, -118.338725 33.954315, -118.341366 33.952862, -118.343928 33.952713, -118.34405 33.97116))"
90048,11,34.07,-118.37,"POLYGON ((-118.390718 34.076501, -118.389733 34.07649, -118.389725 34.080759, -118.38526 34.080397, -118.381213 34.081933, -118.37525 34.082011, -118.373155 34.083114, -118.370302 34.083157, -118.370302 34.08368, -118.365889 34.083746, -118.364795 34.081583, -118.364809 34.083762, -118.361417 34.083811, -118.361452 34.080191, -118.361375 34.062967, -118.363818 34.058183, -118.364894 34.058305, -118.371758 34.059088, -118.373846 34.058266, -118.373678 34.059308, -118.376174 34.059462, -118.376001 34.059965, -118.372244 34.0622, -118.372027 34.063867, -118.375755 34.070097, -118.377403 34.069709, -118.383728 34.069684, -118.383764 34.072122, -118.390295 34.072082, -118.390705 34.07233799999999, -118.390419 34.072331, -118.390347 34.073574, -118.39033 34.075294, -118.390714 34.07529, -118.390718 34.076501))"
90049,2,34.08,-118.49,"POLYGON ((-118.520654 34.118862, -118.518473 34.120934, -118.51684 34.121671, -118.516463 34.122708, -118.517541 34.126212, -118.518817 34.12719, -118.518977 34.129031, -118.51848 34.128944, -118.513001 34.129031, -118.510409 34.130626, -118.508522 34.131122, -118.50686 34.12929099999999, -118.503767 34.127695, -118.503017 34.129382, -118.501304 34.129036, -118.496447 34.130608, -118.49562 34.129991, -118.493009 34.131006, -118.490411 34.131181, -118.489002 34.130138, -118.484759 34.129933, -118.482879 34.130623, -118.480521 34.129853, -118.475791 34.130617, -118.476892 34.128945, -118.479219 34.128533, -118.478062 34.126269, -118.475744 34.12634, -118.479292 34.122976, -118.482631 34.118382, -118.48283 34.111285, -118.478018 34.104284, -118.477788 34.102227, -118.479014 34.098352, -118.478713 34.097331, -118.476899 34.096562, -118.477753 34.09824, -118.46471 34.094957, -118.464698 34.091929, -118.462262 34.089726, -118.460447 34.084385, -118.460749 34.082726, -118.459977 34.081124, -118.457142 34.080507, -118.456242 34.079504, -118.455652 34.077199, -118.454658 34.076543, -118.455491 34.07585, -118.455924 34.074765, -118.454996 34.070319, -118.457898 34.069106, -118.456648 34.06763, -118.454681 34.066799, -118.4544 34.065597, -118.449929 34.060527, -118.454211 34.05848, -118.456217 34.056983, -118.460451 34.058833, -118.464402 34.05833, -118.468257 34.062513, -118.467953 34.06091, -118.459221 34.050785, -118.470308 34.041804, -118.473077 34.044171, -118.474465 34.044279, -118.477283 34.046699, -118.479015 34.045687, -118.483766 34.04143, -118.487053 34.044224, -118.486946 34.044702, -118.487682 34.045732, -118.489376 34.046635, -118.489624 34.046418, -118.494476 34.050433, -118.494905 34.05021, -118.496873 34.04807, -118.496229 34.050223, -118.49987 34.051556, -118.499837 34.053025, -118.498566 34.054701, -118.496064 34.056627, -118.495264 34.062169, -118.496606 34.064071, -118.498509 34.064533, -118.501053 34.066679, -118.502849 34.067435, -118.504805 34.06691199999999, -118.504187 34.066151, -118.50531 34.064287, -118.504764 34.065503, -118.508211 34.069043, -118.511265 34.071473, -118.512761 34.072282, -118.509692 34.074239, -118.509945 34.075139, -118.510492 34.076605, -118.512157 34.078742, -118.512355 34.080045, -118.514177 34.081918, -118.516033 34.082535, -118.517583 34.08691, -118.51889 34.088637, -118.518732 34.089604, -118.519371 34.09309, -118.519309 34.097942, -118.521157 34.101357, -118.52144 34.104451, -118.520486 34.111734, -118.521442 34.117313, -118.520654 34.118862))"
90301,1,33.95,-118.36,"POLYGON ((-118.378834 33.95748, -118.376855 33.960816, -118.371295 33.963345, -118.369894 33.963804, -118.364253 33.966031, -118.358601 33.966013, -118.355499 33.965249, -118.353668 33.965606, -118.352341 33.966245, -118.349911 33.968781, -118.34405 33.97116, -118.343928 33.952713, -118.343915 33.945968, -118.352524 33.945453, -118.359075 33.945436, -118.361323 33.946404, -118.366634 33.94646, -118.366558 33.945424, -118.370037 33.94542, -118.370057 33.952672, -118.378843 33.952647, -118.378834 33.95748))"
90302,2,33.97,-118.35,"MULTIPOLYGON (((-118.371496 33.967991, -118.37034 33.967993, -118.37009 33.968457, -118.370231 33.979929, -118.370341 33.981636, -118.358544 33.981667, -118.335186 33.981758, -118.33521 33.974447, -118.337589 33.97431, -118.34405 33.97116, -118.349911 33.968781, -118.352341 33.966245, -118.353668 33.965606, -118.355499 33.965249, -118.358601 33.966013, -118.364253 33.966031, -118.369894 33.963804, -118.370842 33.96682, -118.371496 33.967991)), ((-118.37583 33.982965, -118.371805 33.98205799999999, -118.371802 33.979847, -118.374464 33.97971, -118.376771 33.982657, -118.37583 33.982965)))"
90056,6,33.98,-118.37,"POLYGON ((-118.385651 33.978563, -118.384505 33.978469, -118.378647 33.98899, -118.379203 33.996427, -118.376961 33.998043, -118.374446 33.997681, -118.369448 33.998072, -118.366907 33.998576, -118.362846 33.997898, -118.359663 33.996802, -118.357888 33.997112, -118.358549 33.995621, -118.358898 33.993244, -118.358256 33.988567, -118.357254 33.985619, -118.358462 33.983042, -118.358544 33.981667, -118.370341 33.981636, -118.370231 33.979929, -118.3703 33.978664, -118.371782 33.977319, -118.371807 33.978048, -118.381638 33.976424, -118.386404 33.97709, -118.385651 33.978563), (-118.376771 33.982657, -118.374464 33.97971, -118.371802 33.979847, -118.371805 33.98205799999999, -118.37583 33.982965, -118.376771 33.982657))"
90057,5,34.06,-118.27,"POLYGON ((-118.28436 34.072782, -118.284036 34.072629, -118.279463 34.070648, -118.278988 34.071389, -118.277174 34.070598, -118.277646 34.069861, -118.266594 34.065005, -118.26843 34.062051, -118.267932 34.060871, -118.270822 34.058357, -118.275461 34.05188, -118.284238 34.055845, -118.2842 34.059946, -118.282294 34.062865, -118.284302 34.063715, -118.284334 34.068528, -118.28436 34.072782))"
90059,1,33.92,-118.24,"POLYGON ((-118.265186 33.92310000000001, -118.265158 33.938348, -118.265158 33.939292, -118.26082 33.93927499999999, -118.256533 33.938755, -118.254156 33.939249, -118.254167 33.938272, -118.246961 33.938337, -118.243742 33.937853, -118.243172 33.941171, -118.242777 33.938717, -118.239024 33.937895, -118.239021 33.938911, -118.228753 33.938874, -118.229213 33.937331, -118.226772 33.937096, -118.225119 33.929715, -118.225581 33.929389, -118.230324 33.929001, -118.228805 33.922685, -118.228632 33.92197, -118.23377 33.922601, -118.236073 33.924628, -118.235389 33.923304, -118.238968 33.923313, -118.239069 33.920854, -118.242905 33.920402, -118.246195 33.920379, -118.246685 33.919353, -118.250505 33.919536, -118.249896 33.917312, -118.254341 33.917321, -118.254528 33.905603, -118.254208 33.904481, -118.256458 33.904472, -118.256468 33.906351, -118.259653 33.906351, -118.259672 33.902526, -118.262304 33.902415, -118.263149 33.902376, -118.263144 33.905538, -118.264714 33.905523, -118.265276 33.911532, -118.265186 33.92310000000001))"
90061,2,33.92,-118.27,"POLYGON ((-118.286956 33.929762, -118.282593 33.929776, -118.282591 33.935622, -118.284804 33.93561, -118.284803 33.937348, -118.282591 33.93736, -118.282594 33.939181, -118.28053 33.939189, -118.2798 33.938268, -118.278338 33.938276, -118.27834 33.939199, -118.273869 33.938796, -118.26606 33.938799, -118.265158 33.938348, -118.265186 33.92310000000001, -118.265276 33.911532, -118.264714 33.905523, -118.263144 33.905538, -118.263149 33.902376, -118.266643 33.901949, -118.282254 33.9019, -118.282748 33.901893, -118.282708 33.916422, -118.283035 33.920782, -118.282578 33.923719, -118.284786 33.923711, -118.284796 33.927349, -118.280789 33.92736, -118.280567 33.928499, -118.286957 33.928529, -118.286956 33.929762))"
90062,5,34.0,-118.3,"POLYGON ((-118.31761 34.01427, -118.317642 34.014591, -118.317087 34.01459, -118.31709 34.017254, -118.313255 34.018255, -118.300165 34.018177, -118.300173 34.010866, -118.300551 34.010852, -118.300758 34.003698, -118.30018 34.003697, -118.300193 33.989109, -118.304565 33.989118, -118.304431 33.98971, -118.308934 33.989719, -118.317131 33.989102, -118.31712 33.995036, -118.317569 33.997743, -118.317402 33.999837, -118.317112 33.999967, -118.317112 34.000053, -118.317619 34.00369, -118.317107 34.003692, -118.317069 34.010832, -118.317727 34.010827, -118.31761 34.01427))"
90063,1,34.04,-118.18,"POLYGON ((-118.206036 34.034909, -118.204739 34.034775, -118.203403 34.03688, -118.202278 34.036379, -118.201266 34.037993, -118.20337 34.038932, -118.200403 34.043551, -118.197766 34.044095, -118.199555 34.044896, -118.196444 34.049824, -118.195188 34.05297, -118.192564 34.054762, -118.192625 34.061762, -118.192638 34.063153, -118.186107 34.062523, -118.18503 34.061757, -118.181303 34.061754, -118.179064 34.062236, -118.178214 34.061396, -118.174256 34.061347, -118.173396 34.060453, -118.169256 34.061489, -118.169273 34.050737, -118.171037 34.050127, -118.173905 34.051314, -118.175714 34.05015, -118.175623 34.047798, -118.173599 34.045229, -118.173556 34.034363, -118.173889 34.03335, -118.180174 34.033336, -118.18015 34.028323, -118.182489 34.02892, -118.185904 34.028837, -118.186241 34.02731, -118.187422 34.028331, -118.192334 34.028276, -118.192331 34.027955, -118.205488 34.033822, -118.206036 34.034909))"
90064,4,34.03,-118.43,"POLYGON ((-118.46146 34.03328, -118.458037 34.036058, -118.454021 34.032633, -118.450933 34.03447999999999, -118.449826 34.033196, -118.447858 34.034239, -118.449041 34.035612, -118.448079 34.036188, -118.446895 34.034815, -118.443162 34.037048, -118.444348 34.038423, -118.442445 34.039561, -118.44126 34.038187, -118.418333 34.051715, -118.417652 34.053016, -118.4162 34.053176, -118.413718 34.056556, -118.408457 34.051259, -118.406023 34.05266599999999, -118.403644 34.052089, -118.40149 34.051835, -118.402375 34.046615, -118.400641 34.046311, -118.399453 34.044128, -118.398654 34.04032, -118.398597 34.039801, -118.399074 34.039692, -118.398868 34.038118, -118.399618 34.036771, -118.399374 34.036234, -118.400188 34.035055, -118.400642 34.034907, -118.40183 34.032939, -118.402374 34.030946, -118.402401 34.030421, -118.403202 34.029546, -118.409887 34.030226, -118.413739 34.031472, -118.41707 34.031704, -118.418345 34.03064, -118.419957 34.031142, -118.425439 34.028634, -118.424839 34.027875, -118.426325 34.027099, -118.427298 34.025671, -118.42864 34.027367, -118.429918 34.026861, -118.431423 34.026265, -118.43109 34.025843, -118.436618 34.02369, -118.440781 34.021166, -118.444914 34.019945, -118.443945 34.017093, -118.452129 34.027116, -118.453 34.027961, -118.457068 34.029799, -118.457615 34.031657, -118.459175 34.03132799999999, -118.46146 34.03328), (-118.444312 34.03341, -118.440718 34.034213, -118.441883 34.035564, -118.443705 34.034473, -118.444664 34.0339, -118.444312 34.03341))"
90065,2,34.1,-118.22,"POLYGON ((-118.254135 34.11886, -118.251133 34.120947, -118.253306 34.124322, -118.252864 34.124298, -118.235238 34.12672, -118.236019 34.12883, -118.236608 34.132715, -118.236273 34.134498, -118.233605 34.13451, -118.233598 34.1356, -118.227751 34.135601, -118.225648 34.136071, -118.222917 34.135197, -118.224489 34.132867, -118.223764 34.131465, -118.224658 34.13012, -118.222635 34.129922, -118.223888 34.126479, -118.225152 34.126247, -118.226065 34.124512, -118.225693 34.123645, -118.224366 34.124285, -118.223266 34.122719, -118.224297 34.122219, -118.22179 34.120764, -118.218564 34.117901, -118.217322 34.11758, -118.215058 34.115962, -118.211387 34.114456, -118.213287 34.11227, -118.214418 34.108518, -118.211221 34.10808, -118.207835 34.105668, -118.209825 34.107695, -118.208823 34.107661, -118.206722 34.105538, -118.205497 34.105402, -118.204986 34.100941, -118.208402 34.096989, -118.205644 34.099002, -118.204837 34.100267, -118.204857 34.102766, -118.202462 34.102363, -118.200556 34.101324, -118.205752 34.095363, -118.206477 34.096972, -118.211445 34.090835, -118.212724 34.087865, -118.212766 34.086419, -118.219798 34.084471, -118.226154 34.080315, -118.226547 34.081171, -118.227235 34.081218, -118.227606 34.08308299999999, -118.22692 34.082876, -118.227272 34.089689, -118.230692 34.093401, -118.234394 34.094965, -118.236666 34.096694, -118.237345 34.095999, -118.24096 34.101998, -118.242459 34.106247, -118.245187 34.109343, -118.246438 34.111753, -118.24744 34.113062, -118.252363 34.117349, -118.254135 34.11886))"
90066,5,34.0,-118.43,"POLYGON ((-118.455804 34.009636, -118.446906 34.014557, -118.443517 34.016576, -118.443945 34.017093, -118.444914 34.019945, -118.440781 34.021166, -118.436618 34.02369, -118.43109 34.025843, -118.431423 34.026265, -118.429918 34.026861, -118.418235 34.012109, -118.418729 34.01183, -118.418963 34.011244, -118.414869 34.005671, -118.414931 34.004686, -118.412226 34.003406, -118.413516 34.005675, -118.411283 34.002884, -118.415265 33.997922, -118.41878 33.992839, -118.418914 33.991647, -118.417582 33.990594, -118.419121 33.989601, -118.41694 33.987836, -118.415306 33.988892, -118.414571 33.988101, -118.415553 33.986706, -118.411597 33.989757, -118.409401 33.987426, -118.413498 33.985032, -118.411136 33.983007, -118.409762 33.983908, -118.408015 33.982008, -118.409086 33.981247, -118.407941 33.979643, -118.409753 33.979845, -118.415789 33.977272, -118.416312 33.978076, -118.42691 33.973535, -118.428085 33.976749, -118.432009 33.974636, -118.432259 33.975016, -118.423293 33.980704, -118.428762 33.981224, -118.429439 33.982523, -118.434661 33.990001, -118.440272 33.987215, -118.444153 33.991353, -118.441741 33.992558, -118.444236 33.992252, -118.445338 33.994206, -118.444341 33.994632, -118.446258 33.997142, -118.451072 34.003409, -118.455804 34.009636))"
90703,1,33.86,-118.05,"POLYGON ((-118.10816 33.88694, -118.107997 33.887708, -118.106487 33.887603, -118.100573 33.887395, -118.095533 33.887426, -118.095467 33.880314, -118.091086 33.880326, -118.087806 33.880338, -118.087777 33.87675, -118.091038 33.876652, -118.090901 33.861313, -118.089974 33.860225, -118.086483 33.86025, -118.08645 33.856004, -118.082092 33.85604, -118.082111 33.860495, -118.075156 33.856955, -118.072288 33.856969, -118.072241 33.854512, -118.070459 33.853411, -118.068915 33.853423, -118.069007 33.858557, -118.070791 33.85854, -118.070178 33.860339, -118.070384 33.873111, -118.078179 33.873065, -118.079366 33.873624, -118.080065 33.875319, -118.079653 33.876735, -118.074841 33.876769, -118.074895 33.880383, -118.072708 33.880392, -118.072825 33.885833, -118.068447 33.885888, -118.068476 33.887559, -118.064085 33.887165, -118.064094 33.887724, -118.055385 33.887789, -118.037836 33.887996, -118.037829 33.887397, -118.028888 33.882629, -118.028782 33.873322, -118.028581 33.866246, -118.037598 33.866013, -118.037536 33.862369, -118.041884 33.86233199999999, -118.041748 33.858723, -118.046188 33.858768, -118.046082 33.853611, -118.0504 33.853286, -118.05158 33.852492, -118.051621 33.850689, -118.05038 33.8507, -118.050375 33.849917, -118.054723 33.849821, -118.054687 33.846218, -118.058918 33.846121, -118.060671 33.846178, -118.081981 33.846006, -118.082021 33.849641, -118.086371 33.849633, -118.086369 33.845971, -118.098939 33.845875, -118.099211 33.845876, -118.10052 33.84903, -118.103732 33.85868, -118.108316 33.858283, -118.108429 33.865587, -118.108536 33.872715, -118.10691 33.872711, -118.108004 33.87679, -118.108547 33.879843, -118.10816 33.88694))"
90068,3,34.13,-118.33,"POLYGON ((-118.366517 34.136775, -118.363235 34.137144, -118.361173 34.134967, -118.362006 34.136994, -118.359157 34.135071, -118.351758 34.133057, -118.349034 34.130939, -118.348453 34.132885, -118.344213 34.136061, -118.343818 34.138048, -118.34323 34.138214, -118.345665 34.142367, -118.345166 34.142747, -118.342313 34.144811, -118.338804 34.145228, -118.336637 34.146494, -118.331028 34.148318, -118.330067 34.149747, -118.325341 34.153514, -118.32211 34.155727, -118.317677 34.156313, -118.315818 34.154453, -118.312615 34.154477, -118.310878 34.15485, -118.311835 34.153149, -118.309218 34.153863, -118.30869 34.152551, -118.30932 34.150525, -118.307245 34.1488, -118.305115 34.14937, -118.302129 34.149428, -118.302741 34.147639, -118.304417 34.148193, -118.306232 34.147031, -118.308874 34.144453, -118.307149 34.14485, -118.306243 34.143336, -118.305273 34.144321, -118.305515 34.141985, -118.30339 34.141714, -118.305145 34.137971, -118.308456 34.13903, -118.306328 34.137106, -118.305369 34.135516, -118.303949 34.135428, -118.302785 34.134116, -118.301576 34.134021, -118.300852 34.131578, -118.302298 34.130872, -118.304367 34.130872, -118.305802 34.129003, -118.304209 34.128208, -118.306909 34.126108, -118.304009 34.125308, -118.302009 34.123608, -118.304609 34.124808, -118.306309 34.124508, -118.307409 34.123408, -118.308809 34.120108, -118.307909 34.119308, -118.308809 34.116508, -118.307909 34.115008, -118.307109 34.117508, -118.306509 34.116808, -118.307509 34.113408, -118.307256 34.110138, -118.307736 34.107988, -118.309297 34.107687, -118.309282 34.105381, -118.314739 34.105284, -118.314741 34.107365, -118.31578 34.107724, -118.315814 34.105265, -118.325218 34.105197, -118.328171 34.105432, -118.333346 34.105197, -118.333353 34.10642199999999, -118.336415 34.105976, -118.338368 34.104136, -118.342809 34.104119, -118.344158 34.105759, -118.34386 34.104116, -118.34484 34.104012, -118.344838 34.10567, -118.345429 34.107332, -118.346183 34.111308, -118.34553 34.111884, -118.347265 34.112954, -118.347397 34.114903, -118.350144 34.118682, -118.350462 34.120002, -118.352274 34.119819, -118.352041 34.12018, -118.355329 34.12145, -118.356222 34.12228899999999, -118.355113 34.12356, -118.354667 34.122554, -118.353353 34.123561, -118.351305 34.122702, -118.351755 34.125349, -118.359404 34.125729, -118.36041 34.126071, -118.360349 34.127348, -118.360033 34.12751, -118.359686 34.128137, -118.359856 34.12847, -118.360487 34.128561, -118.360602 34.128725, -118.362837 34.129007, -118.36332 34.128236, -118.365299 34.128872, -118.366056 34.128968, -118.364473 34.131998, -118.367879 34.134617, -118.366517 34.136775))"
90069,3,34.09,-118.38,"POLYGON ((-118.396506 34.096182, -118.395412 34.096173, -118.392084 34.099054, -118.392114 34.106261, -118.388396 34.107532, -118.382718 34.106125, -118.38193 34.105048, -118.380111 34.104508, -118.379274 34.103276, -118.377667 34.103564, -118.377115 34.102311, -118.373325 34.101979, -118.370155 34.104094, -118.370071 34.10535, -118.367667 34.103959, -118.367113 34.102632, -118.369041 34.101251, -118.367406 34.100585, -118.366941 34.098837, -118.368642 34.098461, -118.370364 34.096854, -118.369811 34.092255, -118.370295 34.091727, -118.370233 34.087084, -118.369088 34.087101, -118.369075 34.08542, -118.370229 34.085402, -118.370302 34.08368, -118.370302 34.083157, -118.373155 34.083114, -118.37525 34.082011, -118.381213 34.081933, -118.38526 34.080397, -118.389725 34.080759, -118.389755 34.088495, -118.393586 34.089635, -118.394545 34.091065, -118.395844 34.091055, -118.395914 34.095013, -118.396506 34.096182))"
90222,1,33.91,-118.23,"POLYGON ((-118.259653 33.906351, -118.256468 33.906351, -118.256458 33.904472, -118.254208 33.904481, -118.254528 33.905603, -118.254341 33.917321, -118.249896 33.917312, -118.250505 33.919536, -118.246685 33.919353, -118.246195 33.920379, -118.242905 33.920402, -118.239069 33.920854, -118.238968 33.923313, -118.235389 33.923304, -118.236073 33.924628, -118.23377 33.922601, -118.228632 33.92197, -118.228805 33.922685, -118.22444 33.9223, -118.21994 33.922301, -118.219938 33.923026, -118.218639 33.921761, -118.218207 33.920406, -118.21809 33.920429, -118.217644 33.916804, -118.216936 33.912313, -118.215669 33.912452, -118.215523 33.911549, -118.22269 33.910788, -118.221037 33.90336, -118.238077 33.903323, -118.238032 33.902636, -118.240184 33.902639, -118.241698 33.903306, -118.259672 33.902526, -118.259653 33.906351))"
90094,2,33.97,-118.43,"POLYGON ((-118.428085 33.976749, -118.42691 33.973535, -118.416312 33.978076, -118.415789 33.977272, -118.409753 33.979845, -118.407941 33.979643, -118.409086 33.981247, -118.404901 33.983526, -118.402768 33.983981, -118.398461 33.983164, -118.397635 33.982093, -118.39923 33.982796, -118.401614 33.982284, -118.404488 33.977216, -118.409873 33.975805, -118.413593 33.974583, -118.41891 33.972312, -118.422964 33.970072, -118.423882 33.967194, -118.425965 33.96588, -118.42655 33.966385, -118.432009 33.974636, -118.428085 33.976749))"
90230,8,33.99,-118.39,"POLYGON ((-118.417582 33.990594, -118.418914 33.991647, -118.41878 33.992839, -118.415265 33.997922, -118.411283 34.002884, -118.413516 34.005675, -118.412226 34.003406, -118.414931 34.004686, -118.414869 34.005671, -118.418963 34.011244, -118.418729 34.01183, -118.418235 34.012109, -118.41692 34.012887, -118.414464 34.011243, -118.413506 34.009998, -118.414452 34.009468, -118.412957 34.007159, -118.410012 34.005694, -118.406104 34.010336, -118.40277 34.014117, -118.401815 34.013844, -118.398789 34.010672, -118.395112 34.00822, -118.393366 34.008813, -118.392538 34.009779, -118.392792 34.011633, -118.397129 34.016057, -118.396555 34.01677, -118.391727 34.011897, -118.391762 34.009918, -118.39324 34.008136, -118.396145 34.007154, -118.394729 34.007078, -118.393499 34.005572, -118.393421 34.004141, -118.388591 34.013953, -118.388042 34.016669, -118.386565 34.013985, -118.385123 34.014273, -118.381362 34.01338399999999, -118.380838 34.011748, -118.373093 34.011913, -118.373117 34.006263, -118.372722 34.003827, -118.369448 33.998072, -118.374446 33.997681, -118.376961 33.998043, -118.379203 33.996427, -118.378647 33.98899, -118.384505 33.978469, -118.385651 33.978563, -118.386404 33.97709, -118.386735 33.976719, -118.397635 33.982093, -118.398461 33.983164, -118.402768 33.983981, -118.404901 33.983526, -118.409086 33.981247, -118.408015 33.982008, -118.409762 33.983908, -118.411136 33.983007, -118.413498 33.985032, -118.409401 33.987426, -118.411597 33.989757, -118.415553 33.986706, -118.414571 33.988101, -118.415306 33.988892, -118.41694 33.987836, -118.419121 33.989601, -118.417582 33.990594))"
90232,2,34.02,-118.39,"POLYGON ((-118.41692 34.012887, -118.406864 34.018574, -118.3961 34.025077, -118.38834 34.029485, -118.38776 34.029064, -118.384206 34.030214, -118.375919 34.032417, -118.369577 34.03508, -118.371901 34.029929, -118.373643 34.030421, -118.37622 34.028646, -118.3771 34.026228, -118.376697 34.023988, -118.377952 34.02197, -118.381945 34.020965, -118.384937 34.019805, -118.381697 34.017924, -118.37921 34.018742, -118.378458 34.018456, -118.377973 34.018018, -118.372627 34.018471, -118.374079 34.014851, -118.373093 34.011913, -118.380838 34.011748, -118.381362 34.01338399999999, -118.385123 34.014273, -118.386565 34.013985, -118.388042 34.016669, -118.388591 34.013953, -118.393421 34.004141, -118.393499 34.005572, -118.394729 34.007078, -118.396145 34.007154, -118.39324 34.008136, -118.391762 34.009918, -118.391727 34.011897, -118.396555 34.01677, -118.397129 34.016057, -118.392792 34.011633, -118.392538 34.009779, -118.393366 34.008813, -118.395112 34.00822, -118.398789 34.010672, -118.401815 34.013844, -118.40277 34.014117, -118.406104 34.010336, -118.410012 34.005694, -118.412957 34.007159, -118.414452 34.009468, -118.413506 34.009998, -118.414464 34.011243, -118.41692 34.012887))"
